
RegionCountriesDict = {
  "_type": "Region",
  "name": "Countries",
  "children": [
  
    {
      "_type": "Region",
      "name": "All",
      "_allowsSubregions": false,
    },
    
    RegionUSCitiesDict,
    
    {
      "_type": "Region",
      "name": "Canada",
      "children": [
        {
          "children": [
            {
              "_type": "Region",
              "name": "calgary"
            },
            {
              "_type": "Region",
              "name": "edmonton"
            },
            {
              "_type": "Region",
              "name": "ft mcmurray"
            },
            {
              "_type": "Region",
              "name": "lethbridge"
            },
            {
              "_type": "Region",
              "name": "medicine hat"
            },
            {
              "_type": "Region",
              "name": "peace river country"
            },
            {
              "_type": "Region",
              "name": "red deer"
            }
          ],
          "_type": "Region",
          "name": "Alberta"
        },
        {
          "children": [
            {
              "_type": "Region",
              "name": "cariboo"
            },
            {
              "_type": "Region",
              "name": "comox valley"
            },
            {
              "_type": "Region",
              "name": "fraser valley"
            },
            {
              "_type": "Region",
              "name": "kamloops"
            },
            {
              "_type": "Region",
              "name": "kelowna / okanagan"
            },
            {
              "_type": "Region",
              "name": "kootenays"
            },
            {
              "_type": "Region",
              "name": "nanaimo"
            },
            {
              "_type": "Region",
              "name": "prince george"
            },
            {
              "_type": "Region",
              "name": "skeena-bulkley"
            },
            {
              "_type": "Region",
              "name": "sunshine coast"
            },
            {
              "_type": "Region",
              "name": "vancouver"
            },
            {
              "_type": "Region",
              "name": "victoria"
            },
            {
              "_type": "Region",
              "name": "whistler"
            }
          ],
          "_type": "Region",
          "name": "British Columbia"
        },
        {
          "children": [
            {
              "_type": "Region",
              "name": "winnipeg"
            }
          ],
          "_type": "Region",
          "name": "Manitoba"
        },
        {
          "children": [
            {
              "_type": "Region",
              "name": "new brunswick"
            }
          ],
          "_type": "Region",
          "name": "New Brunswick"
        },
        {
          "children": [
            {
              "_type": "Region",
              "name": "st john's"
            }
          ],
          "_type": "Region",
          "name": "Newfoundland and Labrador"
        },
        {
          "children": [
            {
              "_type": "Region",
              "name": "territories"
            },
            {
              "_type": "Region",
              "name": "yellowknife"
            }
          ],
          "_type": "Region",
          "name": "Northwest Territories"
        },
        {
          "children": [
            {
              "_type": "Region",
              "name": "halifax"
            }
          ],
          "_type": "Region",
          "name": "Nova Scotia"
        },
        {
          "children": [
            {
              "_type": "Region",
              "name": "barrie"
            },
            {
              "_type": "Region",
              "name": "belleville"
            },
            {
              "_type": "Region",
              "name": "brantford-woodstock"
            },
            {
              "_type": "Region",
              "name": "chatham-kent"
            },
            {
              "_type": "Region",
              "name": "cornwall"
            },
            {
              "_type": "Region",
              "name": "guelph"
            },
            {
              "_type": "Region",
              "name": "hamilton-burlington"
            },
            {
              "_type": "Region",
              "name": "kingston"
            },
            {
              "_type": "Region",
              "name": "kitchener-waterloo-cambridge"
            },
            {
              "_type": "Region",
              "name": "london "
            },
            {
              "_type": "Region",
              "name": "niagara region"
            },
            {
              "_type": "Region",
              "name": "ottawa-hull-gatineau"
            },
            {
              "_type": "Region",
              "name": "owen sound"
            },
            {
              "_type": "Region",
              "name": "peterborough"
            },
            {
              "_type": "Region",
              "name": "sarnia"
            },
            {
              "_type": "Region",
              "name": "sault ste marie"
            },
            {
              "_type": "Region",
              "name": "sudbury"
            },
            {
              "_type": "Region",
              "name": "thunder bay"
            },
            {
              "_type": "Region",
              "name": "toronto"
            },
            {
              "_type": "Region",
              "name": "windsor"
            }
          ],
          "_type": "Region",
          "name": "Ontario"
        },
        {
          "children": [
            {
              "_type": "Region",
              "name": "prince edward island"
            }
          ],
          "_type": "Region",
          "name": "Prince Edward Island"
        },
        {
          "children": [
            {
              "_type": "Region",
              "name": "montreal"
            },
            {
              "_type": "Region",
              "name": "quebec city"
            },
            {
              "_type": "Region",
              "name": "saguenay"
            },
            {
              "_type": "Region",
              "name": "sherbrooke"
            },
            {
              "_type": "Region",
              "name": "trois-rivieres"
            }
          ],
          "_type": "Region",
          "name": "Quebec"
        },
        {
          "children": [
            {
              "_type": "Region",
              "name": "regina"
            },
            {
              "_type": "Region",
              "name": "saskatoon"
            }
          ],
          "_type": "Region",
          "name": "Saskatchewan"
        },
        {
          "children": [
            {
              "_type": "Region",
              "name": "whitehorse"
            }
          ],
          "_type": "Region",
          "name": "Yukon Territory"
        }
      ]
    },
    {
      "children": [
        {
          "_type": "Region",
          "name": "vienna"
        }
      ],
      "_type": "Region",
      "name": "Austria"
    },
    {
      "children": [
        {
          "_type": "Region",
          "name": "belgium"
        }
      ],
      "_type": "Region",
      "name": "Belgium"
    },
    {
      "children": [
        {
          "_type": "Region",
          "name": "bulgaria"
        }
      ],
      "_type": "Region",
      "name": "Bulgaria"
    },
    {
      "children": [
        {
          "_type": "Region",
          "name": "croatia"
        }
      ],
      "_type": "Region",
      "name": "Croatia"
    },
    {
      "children": [
        {
          "_type": "Region",
          "name": "prague"
        }
      ],
      "_type": "Region",
      "name": "Czech Republic"
    },
    {
      "children": [
        {
          "_type": "Region",
          "name": "copenhagen"
        }
      ],
      "_type": "Region",
      "name": "Denmark"
    },
    {
      "children": [
        {
          "_type": "Region",
          "name": "finland"
        }
      ],
      "_type": "Region",
      "name": "Finland"
    },
    {
      "children": [
        {
          "_type": "Region",
          "name": "bordeaux"
        },
        {
          "_type": "Region",
          "name": "brittany"
        },
        {
          "_type": "Region",
          "name": "grenoble"
        },
        {
          "_type": "Region",
          "name": "lille"
        },
        {
          "_type": "Region",
          "name": "loire valley"
        },
        {
          "_type": "Region",
          "name": "lyon"
        },
        {
          "_type": "Region",
          "name": "marseille"
        },
        {
          "_type": "Region",
          "name": "montpellier"
        },
        {
          "_type": "Region",
          "name": "nice / cote d'azur"
        },
        {
          "_type": "Region",
          "name": "normandy"
        },
        {
          "_type": "Region",
          "name": "paris"
        },
        {
          "_type": "Region",
          "name": "strasbourg"
        },
        {
          "_type": "Region",
          "name": "toulouse"
        }
      ],
      "_type": "Region",
      "name": "France"
    },
    {
      "children": [
        {
          "_type": "Region",
          "name": "berlin"
        },
        {
          "_type": "Region",
          "name": "bremen"
        },
        {
          "_type": "Region",
          "name": "cologne"
        },
        {
          "_type": "Region",
          "name": "dresden"
        },
        {
          "_type": "Region",
          "name": "dusseldorf"
        },
        {
          "_type": "Region",
          "name": "essen / ruhr"
        },
        {
          "_type": "Region",
          "name": "frankfurt"
        },
        {
          "_type": "Region",
          "name": "hamburg"
        },
        {
          "_type": "Region",
          "name": "hannover"
        },
        {
          "_type": "Region",
          "name": "heidelberg"
        },
        {
          "_type": "Region",
          "name": "kaiserslautern"
        },
        {
          "_type": "Region",
          "name": "leipzig"
        },
        {
          "_type": "Region",
          "name": "munich"
        },
        {
          "_type": "Region",
          "name": "nuremberg"
        },
        {
          "_type": "Region",
          "name": "stuttgart"
        }
      ],
      "_type": "Region",
      "name": "Germany"
    },
    {
      "children": [
        {
          "_type": "Region",
          "name": "greece"
        }
      ],
      "_type": "Region",
      "name": "Greece"
    },
    {
      "children": [
        {
          "_type": "Region",
          "name": "budapest"
        }
      ],
      "_type": "Region",
      "name": "Hungary"
    },
    {
      "children": [
        {
          "_type": "Region",
          "name": "reykjavik"
        }
      ],
      "_type": "Region",
      "name": "Iceland"
    },
    {
      "children": [
        {
          "_type": "Region",
          "name": "dublin"
        }
      ],
      "_type": "Region",
      "name": "Ireland"
    },
    {
      "children": [
        {
          "_type": "Region",
          "name": "bologna"
        },
        {
          "_type": "Region",
          "name": "florence / tuscany"
        },
        {
          "_type": "Region",
          "name": "genoa"
        },
        {
          "_type": "Region",
          "name": "milan"
        },
        {
          "_type": "Region",
          "name": "napoli / campania"
        },
        {
          "_type": "Region",
          "name": "perugia"
        },
        {
          "_type": "Region",
          "name": "rome"
        },
        {
          "_type": "Region",
          "name": "sardinia"
        },
        {
          "_type": "Region",
          "name": "sicilia"
        },
        {
          "_type": "Region",
          "name": "torino"
        },
        {
          "_type": "Region",
          "name": "venice / veneto"
        }
      ],
      "_type": "Region",
      "name": "Italy"
    },
    {
      "children": [
        {
          "_type": "Region",
          "name": "luxembourg"
        }
      ],
      "_type": "Region",
      "name": "Luxembourg"
    },
    {
      "children": [
        {
          "_type": "Region",
          "name": "amsterdam / randstad"
        }
      ],
      "_type": "Region",
      "name": "Netherlands"
    },
    {
      "children": [
        {
          "_type": "Region",
          "name": "norway"
        }
      ],
      "_type": "Region",
      "name": "Norway"
    },
    {
      "children": [
        {
          "_type": "Region",
          "name": "poland"
        }
      ],
      "_type": "Region",
      "name": "Poland"
    },
    {
      "children": [
        {
          "_type": "Region",
          "name": "faro / algarve"
        },
        {
          "_type": "Region",
          "name": "lisbon"
        },
        {
          "_type": "Region",
          "name": "porto"
        }
      ],
      "_type": "Region",
      "name": "Portugal"
    },
    {
      "children": [
        {
          "_type": "Region",
          "name": "romania"
        }
      ],
      "_type": "Region",
      "name": "Romania"
    },
    {
      "children": [
        {
          "_type": "Region",
          "name": "moscow"
        },
        {
          "_type": "Region",
          "name": "st petersburg"
        }
      ],
      "_type": "Region",
      "name": "Russian Federation"
    },
    {
      "children": [
        {
          "_type": "Region",
          "name": "alicante"
        },
        {
          "_type": "Region",
          "name": "baleares"
        },
        {
          "_type": "Region",
          "name": "barcelona"
        },
        {
          "_type": "Region",
          "name": "bilbao"
        },
        {
          "_type": "Region",
          "name": "cadiz"
        },
        {
          "_type": "Region",
          "name": "canarias"
        },
        {
          "_type": "Region",
          "name": "granada"
        },
        {
          "_type": "Region",
          "name": "madrid"
        },
        {
          "_type": "Region",
          "name": "malaga"
        },
        {
          "_type": "Region",
          "name": "sevilla"
        },
        {
          "_type": "Region",
          "name": "valencia"
        }
      ],
      "_type": "Region",
      "name": "Spain"
    },
    {
      "children": [
        {
          "_type": "Region",
          "name": "sweden"
        }
      ],
      "_type": "Region",
      "name": "Sweden"
    },
    {
      "children": [
        {
          "_type": "Region",
          "name": "basel"
        },
        {
          "_type": "Region",
          "name": "bern"
        },
        {
          "_type": "Region",
          "name": "geneva"
        },
        {
          "_type": "Region",
          "name": "lausanne"
        },
        {
          "_type": "Region",
          "name": "zurich"
        }
      ],
      "_type": "Region",
      "name": "Switzerland"
    },
    {
      "children": [
        {
          "_type": "Region",
          "name": "turkey"
        }
      ],
      "_type": "Region",
      "name": "Turkey"
    },
    {
      "children": [
        {
          "_type": "Region",
          "name": "ukraine"
        }
      ],
      "_type": "Region",
      "name": "Ukraine"
    },
    {
      "children": [
        {
          "_type": "Region",
          "name": "aberdeen"
        },
        {
          "_type": "Region",
          "name": "bath"
        },
        {
          "_type": "Region",
          "name": "belfast"
        },
        {
          "_type": "Region",
          "name": "birmingham / west mids"
        },
        {
          "_type": "Region",
          "name": "brighton"
        },
        {
          "_type": "Region",
          "name": "bristol"
        },
        {
          "_type": "Region",
          "name": "cambridge, UK"
        },
        {
          "_type": "Region",
          "name": "cardiff / wales"
        },
        {
          "_type": "Region",
          "name": "coventry"
        },
        {
          "_type": "Region",
          "name": "derby"
        },
        {
          "_type": "Region",
          "name": "devon &amp; cornwall"
        },
        {
          "_type": "Region",
          "name": "dundee"
        },
        {
          "_type": "Region",
          "name": "east anglia"
        },
        {
          "_type": "Region",
          "name": "east midlands"
        },
        {
          "_type": "Region",
          "name": "edinburgh"
        },
        {
          "_type": "Region",
          "name": "essex"
        },
        {
          "_type": "Region",
          "name": "glasgow"
        },
        {
          "_type": "Region",
          "name": "hampshire"
        },
        {
          "_type": "Region",
          "name": "kent"
        },
        {
          "_type": "Region",
          "name": "leeds"
        },
        {
          "_type": "Region",
          "name": "liverpool"
        },
        {
          "_type": "Region",
          "name": "london"
        },
        {
          "_type": "Region",
          "name": "manchester"
        },
        {
          "_type": "Region",
          "name": "newcastle / NE england"
        },
        {
          "_type": "Region",
          "name": "nottingham"
        },
        {
          "_type": "Region",
          "name": "oxford"
        },
        {
          "_type": "Region",
          "name": "sheffield"
        }
      ],
      "_type": "Region",
      "name": "United Kingdom"
    },
    {
      "children": [
        {
          "_type": "Region",
          "name": "bangladesh"
        }
      ],
      "_type": "Region",
      "name": "Bangladesh"
    },
    {
      "children": [
        {
          "_type": "Region",
          "name": "beijing"
        },
        {
          "_type": "Region",
          "name": "chengdu"
        },
        {
          "_type": "Region",
          "name": "chongqing"
        },
        {
          "_type": "Region",
          "name": "dalian"
        },
        {
          "_type": "Region",
          "name": "guangzhou"
        },
        {
          "_type": "Region",
          "name": "hangzhou"
        },
        {
          "_type": "Region",
          "name": "nanjing"
        },
        {
          "_type": "Region",
          "name": "shanghai"
        },
        {
          "_type": "Region",
          "name": "shenyang"
        },
        {
          "_type": "Region",
          "name": "shenzhen"
        },
        {
          "_type": "Region",
          "name": "wuhan"
        },
        {
          "_type": "Region",
          "name": "xi'an"
        }
      ],
      "_type": "Region",
      "name": "China"
    },
    {
      "children": [
        {
          "_type": "Region",
          "name": "guam-micronesia"
        }
      ],
      "_type": "Region",
      "name": "Guam / Micronesia"
    },
    {
      "children": [
        {
          "_type": "Region",
          "name": "hong kong"
        }
      ],
      "_type": "Region",
      "name": "Hong Kong"
    },
    {
      "children": [
        {
          "_type": "Region",
          "name": "ahmedabad"
        },
        {
          "_type": "Region",
          "name": "bangalore"
        },
        {
          "_type": "Region",
          "name": "bhubaneswar"
        },
        {
          "_type": "Region",
          "name": "chandigarh"
        },
        {
          "_type": "Region",
          "name": "chennai (madras)"
        },
        {
          "_type": "Region",
          "name": "delhi"
        },
        {
          "_type": "Region",
          "name": "goa"
        },
        {
          "_type": "Region",
          "name": "hyderabad"
        },
        {
          "_type": "Region",
          "name": "indore"
        },
        {
          "_type": "Region",
          "name": "jaipur"
        },
        {
          "_type": "Region",
          "name": "kerala"
        },
        {
          "_type": "Region",
          "name": "kolkata (calcutta)"
        },
        {
          "_type": "Region",
          "name": "lucknow"
        },
        {
          "_type": "Region",
          "name": "mumbai"
        },
        {
          "_type": "Region",
          "name": "pune"
        },
        {
          "_type": "Region",
          "name": "surat surat"
        }
      ],
      "_type": "Region",
      "name": "India"
    },
    {
      "children": [
        {
          "_type": "Region",
          "name": "indonesia"
        }
      ],
      "_type": "Region",
      "name": "Indonesia"
    },
    {
      "children": [
        {
          "_type": "Region",
          "name": "iran"
        }
      ],
      "_type": "Region",
      "name": "Iran"
    },
    {
      "children": [
        {
          "_type": "Region",
          "name": "iraq"
        }
      ],
      "_type": "Region",
      "name": "Iraq"
    },
    {
      "children": [
        {
          "_type": "Region",
          "name": "haifa"
        },
        {
          "_type": "Region",
          "name": "jerusalem"
        },
        {
          "_type": "Region",
          "name": "tel aviv"
        },
        {
          "_type": "Region",
          "name": "west bank"
        }
      ],
      "_type": "Region",
      "name": "Israel and Palestine"
    },
    {
      "children": [
        {
          "_type": "Region",
          "name": "fukuoka"
        },
        {
          "_type": "Region",
          "name": "hiroshima"
        },
        {
          "_type": "Region",
          "name": "nagoya"
        },
        {
          "_type": "Region",
          "name": "okinawa"
        },
        {
          "_type": "Region",
          "name": "osaka-kobe-kyoto"
        },
        {
          "_type": "Region",
          "name": "sapporo"
        },
        {
          "_type": "Region",
          "name": "sendai"
        },
        {
          "_type": "Region",
          "name": "tokyo"
        }
      ],
      "_type": "Region",
      "name": "Japan"
    },
    {
      "children": [
        {
          "_type": "Region",
          "name": "seoul"
        }
      ],
      "_type": "Region",
      "name": "Korea"
    },
    {
      "children": [
        {
          "_type": "Region",
          "name": "kuwait"
        }
      ],
      "_type": "Region",
      "name": "Kuwait"
    },
    {
      "children": [
        {
          "_type": "Region",
          "name": "beirut, lebanon"
        }
      ],
      "_type": "Region",
      "name": "Lebanon"
    },
    {
      "children": [
        {
          "_type": "Region",
          "name": "malaysia"
        }
      ],
      "_type": "Region",
      "name": "Malaysia"
    },
    {
      "children": [
        {
          "_type": "Region",
          "name": "pakistan"
        }
      ],
      "_type": "Region",
      "name": "Pakistan"
    },
    {
      "children": [
        {
          "_type": "Region",
          "name": "bacolod"
        },
        {
          "_type": "Region",
          "name": "bicol region"
        },
        {
          "_type": "Region",
          "name": "cagayan de oro"
        },
        {
          "_type": "Region",
          "name": "cebu"
        },
        {
          "_type": "Region",
          "name": "davao city"
        },
        {
          "_type": "Region",
          "name": "iloilo"
        },
        {
          "_type": "Region",
          "name": "manila"
        },
        {
          "_type": "Region",
          "name": "pampanga"
        },
        {
          "_type": "Region",
          "name": "zamboanga"
        }
      ],
      "_type": "Region",
      "name": "Philippines"
    },
    {
      "children": [
        {
          "_type": "Region",
          "name": "singapore"
        }
      ],
      "_type": "Region",
      "name": "Singapore"
    },
    {
      "children": [
        {
          "_type": "Region",
          "name": "taiwan"
        }
      ],
      "_type": "Region",
      "name": "Taiwan"
    },
    {
      "children": [
        {
          "_type": "Region",
          "name": "thailand"
        }
      ],
      "_type": "Region",
      "name": "Thailand"
    },
    {
      "children": [
        {
          "_type": "Region",
          "name": "united arab emirates"
        }
      ],
      "_type": "Region",
      "name": "United Arab Emirates"
    },
    {
      "children": [
        {
          "_type": "Region",
          "name": "vietnam"
        }
      ],
      "_type": "Region",
      "name": "Vietnam"
    },
    {
      "children": [
        {
          "_type": "Region",
          "name": "adelaide"
        },
        {
          "_type": "Region",
          "name": "brisbane"
        },
        {
          "_type": "Region",
          "name": "cairns"
        },
        {
          "_type": "Region",
          "name": "canberra"
        },
        {
          "_type": "Region",
          "name": "darwin"
        },
        {
          "_type": "Region",
          "name": "gold coast"
        },
        {
          "_type": "Region",
          "name": "melbourne"
        },
        {
          "_type": "Region",
          "name": "newcastle, NSW"
        },
        {
          "_type": "Region",
          "name": "perth"
        },
        {
          "_type": "Region",
          "name": "sydney"
        },
        {
          "_type": "Region",
          "name": "tasmania"
        },
        {
          "_type": "Region",
          "name": "wollongong"
        }
      ],
      "_type": "Region",
      "name": "Australia"
    },
    {
      "children": [
        {
          "_type": "Region",
          "name": "auckland"
        },
        {
          "_type": "Region",
          "name": "christchurch"
        },
        {
          "_type": "Region",
          "name": "dunedin"
        },
        {
          "_type": "Region",
          "name": "wellington"
        }
      ],
      "_type": "Region",
      "name": "New Zealand"
    },
    {
      "children": [
        {
          "_type": "Region",
          "name": "buenos aires"
        }
      ],
      "_type": "Region",
      "name": "Argentina"
    },
    {
      "children": [
        {
          "_type": "Region",
          "name": "bolivia"
        }
      ],
      "_type": "Region",
      "name": "Bolivia"
    },
    {
      "children": [
        {
          "_type": "Region",
          "name": "belo horizonte"
        },
        {
          "_type": "Region",
          "name": "brasilia"
        },
        {
          "_type": "Region",
          "name": "curitiba"
        },
        {
          "_type": "Region",
          "name": "fortaleza"
        },
        {
          "_type": "Region",
          "name": "porto alegre"
        },
        {
          "_type": "Region",
          "name": "recife"
        },
        {
          "_type": "Region",
          "name": "rio de janeiro"
        },
        {
          "_type": "Region",
          "name": "salvador, bahia"
        },
        {
          "_type": "Region",
          "name": "sao paulo"
        }
      ],
      "_type": "Region",
      "name": "Brazil"
    },
    {
      "children": [
        {
          "_type": "Region",
          "name": "caribbean islands"
        }
      ],
      "_type": "Region",
      "name": "Caribbean Islands"
    },
    {
      "children": [
        {
          "_type": "Region",
          "name": "chile"
        }
      ],
      "_type": "Region",
      "name": "Chile"
    },
    {
      "children": [
        {
          "_type": "Region",
          "name": "colombia"
        }
      ],
      "_type": "Region",
      "name": "Colombia"
    },
    {
      "children": [
        {
          "_type": "Region",
          "name": "costa rica"
        }
      ],
      "_type": "Region",
      "name": "Costa Rica"
    },
    {
      "children": [
        {
          "_type": "Region",
          "name": "dominican republic"
        }
      ],
      "_type": "Region",
      "name": "Dominican Republic"
    },
    {
      "children": [
        {
          "_type": "Region",
          "name": "ecuador"
        }
      ],
      "_type": "Region",
      "name": "Ecuador"
    },
    {
      "children": [
        {
          "_type": "Region",
          "name": "el salvador"
        }
      ],
      "_type": "Region",
      "name": "El Salvador"
    },
    {
      "children": [
        {
          "_type": "Region",
          "name": "guatemala"
        }
      ],
      "_type": "Region",
      "name": "Guatemala"
    },
    {
      "children": [
        {
          "_type": "Region",
          "name": "acapulco"
        },
        {
          "_type": "Region",
          "name": "baja california sur"
        },
        {
          "_type": "Region",
          "name": "chihuahua"
        },
        {
          "_type": "Region",
          "name": "ciudad juarez"
        },
        {
          "_type": "Region",
          "name": "guadalajara"
        },
        {
          "_type": "Region",
          "name": "guanajuato"
        },
        {
          "_type": "Region",
          "name": "hermosillo"
        },
        {
          "_type": "Region",
          "name": "mazatlan"
        },
        {
          "_type": "Region",
          "name": "mexico city"
        },
        {
          "_type": "Region",
          "name": "monterrey"
        },
        {
          "_type": "Region",
          "name": "oaxaca"
        },
        {
          "_type": "Region",
          "name": "puebla"
        },
        {
          "_type": "Region",
          "name": "puerto vallarta"
        },
        {
          "_type": "Region",
          "name": "tijuana"
        },
        {
          "_type": "Region",
          "name": "veracruz"
        },
        {
          "_type": "Region",
          "name": "yucatan"
        }
      ],
      "_type": "Region",
      "name": "Mexico"
    },
    {
      "children": [
        {
          "_type": "Region",
          "name": "nicaragua"
        }
      ],
      "_type": "Region",
      "name": "Nicaragua"
    },
    {
      "children": [
        {
          "_type": "Region",
          "name": "panama"
        }
      ],
      "_type": "Region",
      "name": "Panama"
    },
    {
      "children": [
        {
          "_type": "Region",
          "name": "peru"
        }
      ],
      "_type": "Region",
      "name": "Peru"
    },
    {
      "children": [
        {
          "_type": "Region",
          "name": "puerto rico"
        }
      ],
      "_type": "Region",
      "name": "Puerto Rico"
    },
    {
      "children": [
        {
          "_type": "Region",
          "name": "montevideo"
        }
      ],
      "_type": "Region",
      "name": "Uruguay"
    },
    {
      "children": [
        {
          "_type": "Region",
          "name": "venezuela"
        }
      ],
      "_type": "Region",
      "name": "Venezuela"
    },
    {
      "children": [
        {
          "_type": "Region",
          "name": "virgin islands"
        }
      ],
      "_type": "Region",
      "name": "Virgin Islands, U.S."
    },
    {
      "children": [
        {
          "_type": "Region",
          "name": "egypt"
        }
      ],
      "_type": "Region",
      "name": "Egypt"
    },
    {
      "children": [
        {
          "_type": "Region",
          "name": "ethiopia"
        }
      ],
      "_type": "Region",
      "name": "Ethiopia"
    },
    {
      "children": [
        {
          "_type": "Region",
          "name": "ghana"
        }
      ],
      "_type": "Region",
      "name": "Ghana"
    },
    {
      "children": [
        {
          "_type": "Region",
          "name": "kenya"
        }
      ],
      "_type": "Region",
      "name": "Kenya"
    },
    {
      "children": [
        {
          "_type": "Region",
          "name": "morocco"
        }
      ],
      "_type": "Region",
      "name": "Morocco"
    },
    {
      "children": [
        {
          "_type": "Region",
          "name": "cape town"
        },
        {
          "_type": "Region",
          "name": "durban"
        },
        {
          "_type": "Region",
          "name": "johannesburg"
        },
        {
          "_type": "Region",
          "name": "pretoria"
        }
      ],
      "_type": "Region",
      "name": "South Africa"
    },
    {
      "children": [
        {
          "_type": "Region",
          "name": "tunisia"
        }
      ],
      "_type": "Region",
      "name": "Tunisia"
    }
  ]
}